{"cameraMode":{"drawMode":0,"name":"Shaded","section":"Shading Mode"},"sceneLighting":false,"audioPlay":false,"sceneViewState":{"m_AlwaysRefresh":false,"showFog":true,"showSkybox":false,"showFlares":true,"showImageEffects":true,"showParticleSystems":true,"showVisualEffectGraphs":true,"m_FxEnabled":true},"in2DMode":false,"pivot":{"x":-0.02912449836730957,"y":9.131150245666504,"z":-0.0006668567657470703},"rotation":{"x":0.03082837164402008,"y":-0.8287827968597412,"z":0.045887887477874759,"w":0.556848406791687},"size":11.605881690979004,"orthographic":false}