{"cameraMode":{"drawMode":0,"name":"Shaded","section":"Shading Mode"},"sceneLighting":false,"audioPlay":false,"sceneViewState":{"m_AlwaysRefresh":false,"showFog":true,"showSkybox":false,"showFlares":true,"showImageEffects":true,"showParticleSystems":true,"showVisualEffectGraphs":true,"m_FxEnabled":true},"in2DMode":false,"pivot":{"x":0.0004069805145263672,"y":-0.008629560470581055,"z":-0.01213836669921875},"rotation":{"x":-0.026384470984339715,"y":-0.9216794967651367,"z":0.06369706988334656,"w":-0.38177749514579775},"size":2.2838096618652345,"orthographic":false}