{"cameraMode":{"drawMode":0,"name":"Shaded","section":"Shading Mode"},"sceneLighting":true,"audioPlay":false,"sceneViewState":{"m_AlwaysRefresh":false,"showFog":true,"showSkybox":true,"showFlares":true,"showImageEffects":true,"showParticleSystems":true,"showVisualEffectGraphs":true,"m_FxEnabled":true},"in2DMode":false,"pivot":{"x":2.6047110557556154,"y":1.0568464994430543,"z":3.520035743713379},"rotation":{"x":-0.21374237537384034,"y":0.3203277289867401,"z":-0.07443161308765412,"w":-0.9198734164237976},"size":2.4120333194732668,"orthographic":false}