{"cameraMode":{"drawMode":0,"name":"Shaded","section":"Shading Mode"},"sceneLighting":false,"audioPlay":false,"sceneViewState":{"m_AlwaysRefresh":false,"showFog":true,"showSkybox":false,"showFlares":true,"showImageEffects":true,"showParticleSystems":true,"showVisualEffectGraphs":true,"m_FxEnabled":true},"in2DMode":false,"pivot":{"x":-0.0887613594532013,"y":0.38243627548217776,"z":0.1365032196044922},"rotation":{"x":0.010331898927688599,"y":-0.9580143094062805,"z":0.03480050340294838,"w":0.2844311594963074},"size":0.7682433128356934,"orthographic":false}