{"cameraMode":{"drawMode":0,"name":"Shaded","section":"Shading Mode"},"sceneLighting":true,"audioPlay":false,"sceneViewState":{"m_AlwaysRefresh":false,"showFog":true,"showSkybox":true,"showFlares":true,"showImageEffects":true,"showParticleSystems":true,"showVisualEffectGraphs":true,"m_FxEnabled":true},"in2DMode":false,"pivot":{"x":3.1250076293945314,"y":57.526981353759769,"z":-6.099998474121094},"rotation":{"x":-0.25848957896232607,"y":0.17188535630702973,"z":-0.04679540917277336,"w":-0.9494486451148987},"size":106.38377380371094,"orthographic":false}