{"cameraMode":{"drawMode":0,"name":"Shaded","section":"Shading Mode"},"sceneLighting":false,"audioPlay":false,"sceneViewState":{"m_AlwaysRefresh":false,"showFog":true,"showSkybox":false,"showFlares":true,"showImageEffects":true,"showParticleSystems":true,"showVisualEffectGraphs":true,"m_FxEnabled":true},"in2DMode":false,"pivot":{"x":-0.039999961853027347,"y":1.4600000381469727,"z":0.8100004196166992},"rotation":{"x":-0.018779825419187547,"y":-0.9705715179443359,"z":0.22613756358623506,"w":-0.08053756505250931},"size":42.740299224853519,"orthographic":false}