{"cameraMode":{"drawMode":0,"name":"Shaded","section":"Shading Mode"},"sceneLighting":true,"audioPlay":false,"sceneViewState":{"m_AlwaysRefresh":false,"showFog":true,"showSkybox":true,"showFlares":true,"showImageEffects":true,"showParticleSystems":true,"showVisualEffectGraphs":true,"m_FxEnabled":true},"in2DMode":false,"pivot":{"x":-1.690169095993042,"y":1.9285436868667603,"z":1.486377239227295},"rotation":{"x":0.03082837164402008,"y":-0.8287827968597412,"z":0.045887887477874759,"w":0.556848406791687},"size":0.7885045409202576,"orthographic":false}