{"cameraMode":{"drawMode":0,"name":"Shaded","section":"Shading Mode"},"sceneLighting":false,"audioPlay":false,"sceneViewState":{"m_AlwaysRefresh":false,"showFog":true,"showSkybox":false,"showFlares":true,"showImageEffects":true,"showParticleSystems":true,"showVisualEffectGraphs":true,"m_FxEnabled":true},"in2DMode":false,"pivot":{"x":0.0826272964477539,"y":0.8622370958328247,"z":0.06937456130981446},"rotation":{"x":-0.026384470984339715,"y":-0.9216794967651367,"z":0.06369706988334656,"w":-0.38177749514579775},"size":3.3938333988189699,"orthographic":false}