{"cameraMode":{"drawMode":0,"name":"Shaded","section":"Shading Mode"},"sceneLighting":true,"audioPlay":false,"sceneViewState":{"m_AlwaysRefresh":false,"showFog":true,"showSkybox":true,"showFlares":true,"showImageEffects":true,"showParticleSystems":true,"showVisualEffectGraphs":true,"m_FxEnabled":true},"in2DMode":false,"pivot":{"x":3.05363392829895,"y":0.06266975402832031,"z":-5.185240268707275},"rotation":{"x":-0.09672238677740097,"y":-0.08022180199623108,"z":-0.007820531725883484,"w":0.9920483827590942},"size":1.959709882736206,"orthographic":false}