{"cameraMode":{"drawMode":0,"name":"Shaded","section":"Shading Mode"},"sceneLighting":true,"audioPlay":false,"sceneViewState":{"m_AlwaysRefresh":false,"showFog":true,"showSkybox":true,"showFlares":true,"showImageEffects":true,"showParticleSystems":true,"showVisualEffectGraphs":true,"m_FxEnabled":true},"in2DMode":false,"pivot":{"x":9.435389518737793,"y":1.0500001907348633,"z":11.275132179260254},"rotation":{"x":-0.08955547213554383,"y":-0.8375920653343201,"z":0.14447635412216187,"w":-0.5191882252693176},"size":1.1696313619613648,"orthographic":false}