{"cameraMode":{"drawMode":0,"name":"Shaded","section":"Shading Mode"},"sceneLighting":false,"audioPlay":false,"sceneViewState":{"m_AlwaysRefresh":false,"showFog":true,"showSkybox":false,"showFlares":true,"showImageEffects":true,"showParticleSystems":true,"showVisualEffectGraphs":true,"m_FxEnabled":true},"in2DMode":false,"pivot":{"x":0.007245779037475586,"y":1.4000000953674317,"z":-0.05393528938293457},"rotation":{"x":0.3270379602909088,"y":0.027220850810408593,"z":-0.009425106458365918,"w":0.9445765614509583},"size":2.1568350791931154,"orthographic":false}