{"cameraMode":{"drawMode":0,"name":"Shaded","section":"Shading Mode"},"sceneLighting":false,"audioPlay":false,"sceneViewState":{"m_AlwaysRefresh":false,"showFog":true,"showSkybox":false,"showFlares":true,"showImageEffects":true,"showParticleSystems":true,"showVisualEffectGraphs":true,"m_FxEnabled":true},"in2DMode":false,"pivot":{"x":14.609801292419434,"y":0.546999990940094,"z":33.24464416503906},"rotation":{"x":-0.08441488444805145,"y":-0.8709015250205994,"z":0.16100682318210603,"w":-0.4566080570220947},"size":0.36373016238212588,"orthographic":false}