{"cameraMode":{"drawMode":0,"name":"Shaded","section":"Shading Mode"},"sceneLighting":false,"audioPlay":false,"sceneViewState":{"m_AlwaysRefresh":false,"showFog":true,"showSkybox":false,"showFlares":true,"showImageEffects":true,"showParticleSystems":true,"showVisualEffectGraphs":true,"m_FxEnabled":true},"in2DMode":false,"pivot":{"x":0.6750550270080566,"y":0.6260250210762024,"z":-0.41621965169906618},"rotation":{"x":0.08347909897565842,"y":0.8714275360107422,"z":-0.15938690304756165,"w":0.4563167989253998},"size":1.606395959854126,"orthographic":false}