{"cameraMode":{"drawMode":0,"name":"Shaded","section":"Shading Mode"},"sceneLighting":true,"audioPlay":false,"sceneViewState":{"m_AlwaysRefresh":false,"showFog":true,"showSkybox":true,"showFlares":true,"showImageEffects":true,"showParticleSystems":true,"showVisualEffectGraphs":true,"m_FxEnabled":true},"in2DMode":false,"pivot":{"x":0.7081377506256104,"y":-0.23200348019599915,"z":0.4844437837600708},"rotation":{"x":-0.05217253789305687,"y":0.9263782501220703,"z":-0.3458457887172699,"w":-0.13972023129463197},"size":1.8700119256973267,"orthographic":false}