{"cameraMode":{"drawMode":0,"name":"Shaded","section":"Shading Mode"},"sceneLighting":true,"audioPlay":false,"sceneViewState":{"m_AlwaysRefresh":false,"showFog":true,"showSkybox":true,"showFlares":true,"showImageEffects":true,"showParticleSystems":true,"showVisualEffectGraphs":true,"m_FxEnabled":true},"in2DMode":false,"pivot":{"x":450.2409362792969,"y":393.264892578125,"z":-38.7041130065918},"rotation":{"x":0.06712862849235535,"y":0.018554208800196649,"z":0.0012485026381909848,"w":-0.9975723624229431},"size":316.3493957519531,"orthographic":true}