{"cameraMode":{"drawMode":0,"name":"Shaded","section":"Shading Mode"},"sceneLighting":true,"audioPlay":false,"sceneViewState":{"m_AlwaysRefresh":false,"showFog":true,"showSkybox":true,"showFlares":true,"showImageEffects":true,"showParticleSystems":true,"showVisualEffectGraphs":true,"m_FxEnabled":true},"in2DMode":false,"pivot":{"x":25.946308135986329,"y":2.9000000953674318,"z":-16.922006607055665},"rotation":{"x":-0.26402178406715395,"y":-0.17473426461219788,"z":0.048699378967285159,"w":-0.9473082423210144},"size":0.8660253882408142,"orthographic":false}