{"cameraMode":{"drawMode":0,"name":"Shaded","section":"Shading Mode"},"sceneLighting":false,"audioPlay":false,"sceneViewState":{"m_AlwaysRefresh":false,"showFog":true,"showSkybox":false,"showFlares":true,"showImageEffects":true,"showParticleSystems":true,"showVisualEffectGraphs":true,"m_FxEnabled":true},"in2DMode":false,"pivot":{"x":23.738872528076173,"y":4.083815574645996,"z":20.33531379699707},"rotation":{"x":-0.18154016137123109,"y":0.41077250242233279,"z":-0.08381455391645432,"w":-0.8895585536956787},"size":3.1176905632019045,"orthographic":false}