{"cameraMode":{"drawMode":0,"name":"Shaded","section":"Shading Mode"},"sceneLighting":false,"audioPlay":false,"sceneViewState":{"m_AlwaysRefresh":false,"showFog":true,"showSkybox":false,"showFlares":true,"showImageEffects":true,"showParticleSystems":true,"showVisualEffectGraphs":true,"m_FxEnabled":true},"in2DMode":false,"pivot":{"x":-0.09795868396759033,"y":0.48407673835754397,"z":-0.0006656348705291748},"rotation":{"x":0.2729535400867462,"y":0.7264512777328491,"z":-0.4283868670463562,"w":0.46287086606025698},"size":0.9123095273971558,"orthographic":false}