{"cameraMode":{"drawMode":0,"name":"Shaded","section":"Shading Mode"},"sceneLighting":false,"audioPlay":false,"sceneViewState":{"m_AlwaysRefresh":false,"showFog":true,"showSkybox":false,"showFlares":true,"showImageEffects":true,"showParticleSystems":true,"showVisualEffectGraphs":true,"m_FxEnabled":true},"in2DMode":false,"pivot":{"x":-9.685754776000977e-8,"y":0.012965619564056397,"z":-2.9802322387695315e-8},"rotation":{"x":0.2799636423587799,"y":-0.018420755863189698,"z":0.005372987594455481,"w":0.9598200917243958},"size":0.6186264753341675,"orthographic":false}