{"cameraMode":{"drawMode":0,"name":"Shaded","section":"Shading Mode"},"sceneLighting":false,"audioPlay":false,"sceneViewState":{"m_AlwaysRefresh":false,"showFog":true,"showSkybox":false,"showFlares":true,"showImageEffects":true,"showParticleSystems":true,"showVisualEffectGraphs":true,"m_FxEnabled":true},"in2DMode":false,"pivot":{"x":-0.01078486442565918,"y":0.8771841526031494,"z":-0.0925142765045166},"rotation":{"x":0.26411786675453188,"y":0.011872993782162667,"z":-0.0032516124192625286,"w":0.9644129872322083},"size":1.606395959854126,"orthographic":false}