{"cameraMode":{"drawMode":0,"name":"Shaded","section":"Shading Mode"},"sceneLighting":false,"audioPlay":false,"sceneViewState":{"m_AlwaysRefresh":false,"showFog":true,"showSkybox":false,"showFlares":true,"showImageEffects":true,"showParticleSystems":true,"showVisualEffectGraphs":true,"m_FxEnabled":true},"in2DMode":false,"pivot":{"x":-3.8743019104003908e-7,"y":0.051862478256225589,"z":-1.1920928955078126e-7},"rotation":{"x":0.21151003241539002,"y":0.5341339707374573,"z":-0.14009106159210206,"w":0.8064363598823547},"size":2.47450590133667,"orthographic":false}